eligible,bin,score,duration_days,fitted_duration,n
0,-5,41.00292379338779,57.11165203433895,56.88331477178751,41
0,-4,42.89489772357069,58.16757346871344,57.46757679846569,43
0,-3,45.02117061161481,57.82909328166385,58.12419287917427,52
0,-2,47.15132420700925,56.07517104042127,58.78200736431394,43
0,-1,48.98747085673736,61.91229200069256,59.34902932256301,36
1,0,50.99867350619628,55.45281058408911,54.64818592950491,47
1,1,53.07286594966672,55.12078617215376,55.81148472649958,47
1,2,54.96553033870483,55.27568760468615,56.87297456743202,49
1,3,57.07734317633475,59.53290333387901,58.05737254420914,54
1,4,58.94349415347829,58.95363408794329,59.10399249191723,45
