case_id,score,duration_days
 C0001 ,60.29334041391174,59.75493452361854
 C0002 ,46.211058631231516,65.33065637188233
 C0003 ,43.73076898498499,60.1587515053179
 C0004 ,64.17466389186227,61.09225612366274
 C0005 ,54.41925175038368,45.00601930160953
 C0006 ,63.07891803860714,65.736225715479
 C0007 ,66.21538055357426,58.21584078976492
 C0008 ,56.638326307656335,65.94289885641483
 C0009 ,69.39507849869858,60.74212556822264
 C0010 ,65.01719269457385,62.748625267969025
 C0011 ,68.21588695417043,56.79218163338876
 C0012 ,67.4520514755267,58.28455546475865
 C0013 ,42.159188692811604,39.01477950087478
 C0014 ,53.15626363317141,57.036065807453824
 C0015 ,56.41495767819521,64.22270099427703
 C0016 ,63.41354076544355,
 C0017 ,65.12365298941707,61.29847516931548
 C0018 ,48.319593194444295,63.084676726606425
 C0019 ,42.85334257504193,57.22689356528882
 C0020 ,48.194235228220634,46.89655427811507
 C0021 ,41.72683961499894,55.941432893093584
 C0022 ,34.04017551877921,57.58898251922742
 C0023 ,44.357413266133456,55.46364894248469
 C0024 ,32.951407788697125,47.11196928326365
 C0025 ,69.25159150172881,51.13248497262452
 C0026 ,46.12628969990383,
 C0027 ,44.61402214332169,58.36717116526509
 C0028 ,68.44090508618606,62.25296915422694
 C0029 ,57.42080270030896,55.55174309016885
 C0030 ,53.44693955685347,57.43252673154028
 C0031 ,63.95538761805517,80.7346175483127
 C0032 ,43.4355014508486,47.877006455536055
 C0033 ,64.44034123293905,62.61929673649347
 C0034 ,56.760032130933254,54.89078404829653
 C0035 ,36.1690167078081,48.11089107689826
 C0036 ,46.43097114485441,61.576663400042534
 C0037 ,56.80721375763861,59.348014149899335
 C0038 ,40.44266019332929,70.69488072599283
 C0039 ,57.31242985088082,59.586502693788745
 C0040 ,66.20288588365636,52.9871727798267
 C0041 ,59.58605052723219,51.28597235977347
 C0042 ,59.11341158452005,59.739450941841575
 C0043 ,36.67738720253787,50.998547892683824
 C0044 ,43.06631612815197,57.23030319870968
 C0045 ,37.10437427789199,52.35700938941466
 C0046 ,64.20172826115036,65.7823846630348
 C0047 ,37.77745625222114,44.53323550561211
 C0048 ,50.73398473754176,51.64852013739624
 C0049 ,58.201476405462856,61.26933685571239
 C0050 ,37.013646986863,
 C0051 ,64.75873629491423,-99.0
 C0052 ,56.822783238254374,63.97561807016346
 C0053 ,56.24819595183471,
 C0054 ,58.14862449788719,61.47536772430775
 C0055 ,31.541642776870805,57.169267736327406
 C0056 ,53.660132844861195,56.93116032212335
 C0057 ,63.18985395581424,59.7266306589505
 C0058 ,47.61964606252438,63.438457767455475
 C0059 ,39.83826641316617,-99.0
 C0060 ,54.12760631471051,60.47427527941253
 C0061 ,53.35093299787416,52.92456520410914
 C0062 ,67.04114925292423,58.54252733678866
 C0063 ,63.45028856102371,59.05135961991807
 C0064 ,36.10636863920879,53.973096711209124
 C0065 ,59.94461160782524,73.05315927203964
 C0066 ,45.01289503492864,48.15027104502234
 C0067 ,58.016450489742944,65.88012095233039
 C0068 ,50.10633462425552,61.598090234279304
 C0069 ,66.5141122858197,46.91391005100842
 C0070 ,40.31008577753288,58.35182690271579
 C0071 ,38.93781237925053,65.79012554724386
 C0072 ,61.94346483961262,58.251991309891906
 C0073 ,57.37121494001654,63.339293757925375
 C0074 ,38.7436081099865,62.762251351225466
 C0075 ,64.91679752891149,75.53879477229614
 C0076 ,37.374267003549974,61.55122279180127
 C0077 ,67.97199237676477,52.64597088751968
 C0078 ,33.25187397230376,56.04206911134883
 C0079 ,30.787213863450688,37.87882093404596
 C0080 ,54.762219715299196,
 C0081 ,58.18139209322024,51.0946142089661
 C0082 ,37.95481714651246,47.88863020954692
 C0083 ,61.05970410750453,56.071899883602796
 C0084 ,59.506088219529325,53.911917917948095
 C0085 ,44.966220151607956,50.061363398201685
 C0086 ,39.97411521970014,50.50029038827701
 C0087 ,65.61365806405453,66.12376102782363
 C0088 ,63.02850430527777,62.345891016560536
 C0089 ,47.56224478482759,66.9546859370161
 C0090 ,38.54440407901822,53.55432260365752
 C0091 ,37.78831743663227,62.51267177424585
 C0092 ,57.10673825204567,58.5191048574919
 C0093 ,64.55703409143635,55.34040764631127
 C0094 ,54.95426950464438,60.397368184778905
 C0095 ,67.60966016770294,68.4111765207313
 C0096 ,69.5198411871595,65.73714935682099
 C0097 ,33.76011857978554,51.44179439013218
 C0098 ,36.61131494010468,56.983165380451496
 C0099 ,52.19075193670358,58.02547244678485
 C0100 ,43.83357190514014,58.89623373012564
 C0101 ,40.213634528152994,51.34675892320615
 C0102 ,58.32808048357723,54.161680960839725
 C0103 ,68.5138596669864,75.5698452831423
 C0104 ,67.11117347749509,52.36390658087136
 C0105 ,51.0821281740523,58.061460619372355
 C0106 ,51.58571752365446,53.175013317344856
 C0107 ,47.62563739849736,46.62303181801332
 C0108 ,61.10520691373504,65.04238963876402
 C0109 ,42.558558360438454,53.2539567793347
 C0110 ,51.33535615724162,58.66891111625249
 C0111 ,59.997554838682404,56.78774311190428
 C0112 ,63.43193746403778,66.70549664660435
 C0113 ,48.90770911992559,57.39450232006618
 C0114 ,68.96105210123226,60.01446001229651
 C0115 ,33.415417436059045,57.756692628128775
 C0116 ,32.60891703212557,37.75258142485604
 C0117 ,54.08110938204315,63.79222007890789
 C0118 ,30.44636351303531,37.25090181095529
 C0119 ,58.932444337037474,61.14073391722673
 C0120 ,62.99522210589863,67.70944906992136
 C0121 ,55.96347389643527,57.5804061280193
 C0122 ,45.470232939056,46.14067326602868
 C0123 ,31.813285454474602,49.93227201300671
 C0124 ,38.09138269251105,48.47940723570972
 C0125 ,67.49968403842443,
 C0126 ,40.49171192810866,63.62288861040161
 C0127 ,48.27251720473079,64.28041893753591
 C0128 ,54.295360352480955,52.650552509416855
 C0129 ,47.90704239583193,45.58559574153982
 C0130 ,50.72101353078575,57.399531032845665
 C0131 ,67.48626661271102,59.85908470511025
 C0132 ,47.99668077839855,56.31258388559441
 C0133 ,48.38988966799241,49.1854389404433
 C0134 ,33.15203732701327,51.629899966578755
 C0135 ,57.93464184421227,58.14712614501523
 C0136 ,61.02709242607444,61.92320690770313
 C0137 ,41.78897522151817,62.71362673089273
 C0138 ,64.19534434328583,56.91186815099868
 C0139 ,62.27485447631212,63.26770931694462
 C0140 ,64.0660754855942,53.9322709019318
 C0141 ,30.978869655387765,58.742157667172314
 C0142 ,30.147757292870875,60.25063472121283
 C0143 ,38.92689931396675,62.61202379500486
 C0144 ,41.35990158415737,57.876462358122524
 C0145 ,34.06991651113099,63.045945365636875
 C0146 ,33.25048456257526,44.50285407501835
 C0147 ,47.29357552949508,43.11899779210415
 C0148 ,68.78997700091726,
 C0149 ,67.0618484112224,55.964259733715814
 C0150 ,49.75410010155825,62.08349149818648
 C0151 ,33.65937130957291,55.20784819368278
 C0152 ,34.563400043092535,51.19552828856827
 C0153 ,63.131254713595794,68.0225530060082
 C0154 ,57.9642964742984,69.9279121194612
 C0155 ,43.99920982182144,51.382695752446466
 C0156 ,48.26118250676195,49.22594710730206
 C0157 ,54.11569977194256,53.663545864614406
 C0158 ,51.73106381878861,-99.0
 C0159 ,50.372936294365765,50.19975657552648
 C0160 ,33.85148534649672,41.58033210881735
 C0161 ,48.72797539508987,64.35363998623104
 C0162 ,66.92926212450277,73.28562968851838
 C0163 ,55.6617291991405,41.596810525186214
 C0164 ,33.89983773172316,
 C0165 ,67.32985160884382,77.34182277689229
 C0166 ,54.23601869276559,51.21263875575002
 C0167 ,41.708777703474276,72.68249386338314
 C0168 ,37.342852683837364,55.51665671995352
 C0169 ,33.96242794104057,67.00840821843079
 C0170 ,41.78654308500438,
 C0171 ,54.486360943990725,-99.0
 C0172 ,47.85553559958946,53.149033016643884
 C0173 ,45.96384902664625,55.641530108023915
 C0174 ,65.32683649108942,72.60204201706419
 C0175 ,51.80477945653076,54.91211147188301
 C0176 ,46.52317661326789,49.72410081019197
 C0177 ,30.860747729015976,52.317208461515236
 C0178 ,40.48605389437433,55.23685168580679
 C0179 ,46.830825807971905,49.04288619829945
 C0180 ,68.0530443927167,51.48492832596902
 C0181 ,52.725035515689534,69.11817954675321
 C0182 ,34.334551628003645,-99.0
 C0183 ,60.730828128475636,54.791737032834966
 C0184 ,62.22351850809302,
 C0185 ,35.069091607674864,61.59129779246879
 C0186 ,49.10482368561747,64.56383942252734
 C0187 ,45.99785324058611,54.186648172613474
 C0188 ,45.8485831299171,67.62574078105237
 C0189 ,36.87443471844966,76.34069984026516
 C0190 ,55.0894798121827,
 C0191 ,36.55868460281462,56.332934305681874
 C0192 ,53.70769063427451,45.03072252226546
 C0193 ,35.16951377601345,48.94394102189179
 C0194 ,55.25930782481146,52.782299777437984
 C0195 ,30.814479705691042,54.7999669925823
 C0196 ,49.62090289404606,67.58671541015633
 C0197 ,59.03518823536289,44.920063681022896
 C0198 ,65.89818818521302,54.108560698202744
 C0199 ,64.6114290908371,70.49586863713496
 C0200 ,59.50556717850823,49.766364084952464
 C0201 ,59.39072435224518,55.54024959973085
 C0202 ,49.6242809204682,61.48985810657058
 C0203 ,65.6349503260734,58.178057496941136
 C0204 ,41.58585769474986,60.55600188921186
 C0205 ,55.607196672068966,50.388243007019916
 C0206 ,35.536332832661245,49.38503325760792
 C0207 ,38.240969593389465,69.70321800386057
 C0208 ,37.23382291122802,-99.0
 C0209 ,48.50756647659686,66.8573461648475
 C0210 ,46.81461600391967,61.42015969484237
 C0211 ,35.75698470680931,54.23242913722491
 C0212 ,50.086706070039114,57.19044382406802
 C0213 ,44.00112102884093,54.76326379604318
 C0214 ,63.61763485106624,63.19591842505521
 C0215 ,55.93828428964943,60.608631715186746
 C0216 ,45.9387280075189,64.4723443519802
 C0217 ,63.7205884709574,59.219745450524144
 C0218 ,57.3887061561292,47.04970798588705
 C0219 ,51.77634364412364,65.19673023751255
 C0220 ,65.50162092071493,70.34975948043143
 C0221 ,37.401991483253646,34.148110067452556
 C0222 ,38.69186910224437,55.000044457703275
 C0223 ,31.106394780496082,47.09305400790981
 C0224 ,32.31927332458615,54.41780178413016
 C0225 ,49.32749299512675,61.42548236741041
 C0226 ,66.38640015168788,55.23965903738993
 C0227 ,47.73052351258748,52.21117854316262
 C0228 ,32.24678999152039,57.50013990299348
 C0229 ,53.75863429369639,51.338806275165226
 C0230 ,45.51437012085202,56.691921209442334
 C0231 ,60.03527112971667,59.31771040710348
 C0232 ,54.14633526269019,61.56456725883857
 C0233 ,45.23236977797224,49.47983777267067
 C0234 ,58.96232301063823,57.4080222926491
 C0235 ,41.563837131828976,40.3739133241388
 C0236 ,49.78279535716328,70.18992824168973
 C0237 ,62.95683060495526,48.95041835032927
 C0238 ,38.09107820152128,42.024934090992964
 C0239 ,67.64082681676275,72.12770913390254
 C0240 ,69.03272226309129,55.2958705097729
 C0241 ,50.95321684014077,52.428516134989955
 C0242 ,36.62539807225021,60.458281061812215
 C0243 ,47.8850304176536,66.8574210565873
 C0244 ,47.91440605624516,59.674535643540416
 C0245 ,69.1686276756005,70.56023377267388
 C0246 ,37.00020258923872,67.14292991607311
 C0247 ,46.822003707757574,58.30048056173403
 C0248 ,57.82579925296603,63.12402116579033
 C0249 ,64.61190149691988,59.59807494870399
 C0250 ,36.2978793125811,65.16535483464956
 C0251 ,69.88202917845918,71.82675438375034
 C0252 ,32.798788838863125,49.00986518807423
 C0253 ,49.89202995274515,68.06768621332492
 C0254 ,42.533113973449986,59.05629697945304
 C0255 ,53.37890286062524,60.068437583894564
 C0256 ,66.143222962694,60.507213337277776
 C0257 ,43.70873586300239,68.329155516392
 C0258 ,33.195373009701,52.23973841534792
 C0259 ,41.93788317726601,50.582656800668325
 C0260 ,33.50256877302454,58.41776066228375
 C0261 ,30.314168724723764,
 C0262 ,60.19401633132854,56.51888862907159
 C0263 ,66.27925187149528,54.75330603331877
 C0264 ,39.25308085881094,56.221959609822015
 C0265 ,66.25902583934972,49.27300189003409
 C0266 ,61.92980701251671,74.73404443457432
 C0267 ,40.22718475381241,65.66474836624704
 C0268 ,36.828070312934166,62.055459390368846
 C0269 ,38.82812990481541,45.5875403634529
 C0270 ,46.572270687519946,46.51199450747734
 C0271 ,51.588359502342975,58.91509087510447
 C0272 ,62.4187771526167,53.370987466786424
 C0273 ,68.36884765048747,-99.0
 C0274 ,66.87473599226406,76.00763842145159
 C0275 ,59.07847408402775,-99.0
 C0276 ,40.48909831726619,64.62795692299449
 C0277 ,47.28443621668618,61.02206087580478
 C0278 ,56.65817043831372,61.020158648469405
 C0279 ,36.01525699053305,56.796828323760025
 C0280 ,69.53639131184163,66.5084179018527
 C0281 ,66.00515912217116,56.6603095925898
 C0282 ,44.490683493386825,49.027105413284396
 C0283 ,67.65005819342679,46.227956681911735
 C0284 ,58.10403728660816,73.50947352731087
 C0285 ,34.45474841622403,45.345545199816925
 C0286 ,50.04193492365455,58.79681281530269
 C0287 ,42.46748832850359,54.14395828380819
 C0288 ,55.62648900153549,52.46592207578936
 C0289 ,35.532989289995534,47.34203118335739
 C0290 ,48.438712288132656,54.057740661148934
 C0291 ,38.42794164773898,50.800261646165545
 C0292 ,52.89857096454433,44.34954841348808
 C0293 ,50.746926859834794,-99.0
 C0294 ,38.2343321129702,54.331565323363115
 C0295 ,51.30211900726211,59.48752402779078
 C0296 ,33.05822565622621,52.17539263167953
 C0297 ,59.252082173269265,66.63320321499393
 C0298 ,40.50619821801663,72.69237635433007
 C0299 ,52.50702079337528,63.9704828675663
 C0300 ,32.54124678794352,46.3253295777648
 C0301 ,37.487629741608764,55.489223681120684
 C0302 ,33.728563594957194,
 C0303 ,35.17060197061265,49.43392017021471
 C0304 ,47.09752469750272,57.70763807014536
 C0305 ,56.15534588175969,59.582131459137614
 C0306 ,36.37510691190361,53.67460344029652
 C0307 ,62.107193961671825,50.28308254778575
 C0308 ,41.809176057011726,43.02281239279585
 C0309 ,34.46151212402575,64.6514177367155
 C0310 ,53.124897819112434,68.30244214968691
 C0311 ,49.632507344805944,51.8263842721198
 C0312 ,41.54508889095114,39.32956165405185
 C0313 ,49.26952198145041,59.95267539355977
 C0314 ,35.63687990376534,57.8692626235173
 C0315 ,41.096319065823764,44.67982898845415
 C0316 ,33.80057200126496,51.996381542362265
 C0317 ,61.192245592480646,57.58190731771457
 C0318 ,67.79069609914175,58.33580861322684
 C0319 ,50.36463790599487,67.69556025072642
 C0320 ,49.729232482185274,72.02326831923592
 C0321 ,59.288472375969,57.75069220935515
 C0322 ,54.955201819790524,70.41376123924738
 C0323 ,54.100870862391105,54.60922427599963
 C0324 ,44.88214522733921,46.96728218334785
 C0325 ,62.297686686607946,52.218412945253256
 C0326 ,38.540148246754114,62.523977413767696
 C0327 ,61.00515931718685,62.41823644374872
 C0328 ,58.14711299301705,44.84719391817002
 C0329 ,50.81500901142425,60.07839611332511
 C0330 ,48.54992322894723,62.036785385283714
 C0331 ,43.47233798821221,47.88117788874445
 C0332 ,38.71317635453816,53.780278440152095
 C0333 ,66.24815881090643,50.81812676185896
 C0334 ,61.06009402977112,67.8390690493874
 C0335 ,60.367769948085204,53.40450978326017
 C0336 ,36.03393334293875,41.141548694481116
 C0337 ,38.58470456421423,53.26034636756032
 C0338 ,58.43850003921545,57.01297290277541
 C0339 ,59.71575697619028,-99.0
 C0340 ,68.83177174851372,61.85985569963869
 C0341 ,64.659467732167,61.078731277371354
 C0342 ,57.41744881488194,70.5806565582629
 C0343 ,63.90483499511101,66.62786913500646
 C0344 ,65.53945196382071,56.08602177021665
 C0345 ,42.79044810601517,70.72323609797881
 C0346 ,52.003182738627316,54.10394195504764
 C0347 ,60.23989318860642,61.14028057834601
 C0348 ,55.564332519975686,61.10581720501985
 C0349 ,50.110979666647786,49.84658817568621
 C0350 ,31.016580283188596,46.821886450630544
 C0351 ,41.488472397082134,56.21596398714051
 C0352 ,42.68472773877551,64.43965252277494
 C0353 ,51.49355161453199,54.98697674852832
 C0354 ,37.908597326851435,40.41421384625971
 C0355 ,54.16521199859728,58.42724539390165
 C0356 ,50.22784604221985,55.35762816980191
 C0357 ,69.00285031396983,67.69320525255606
 C0358 ,60.24806521708867,58.21373405613524
 C0359 ,53.03520322322287,58.82017509313817
 C0360 ,61.37977109615223,51.21869942675494
 C0361 ,54.82812303753165,47.778925085294475
 C0362 ,45.048313475761184,44.42915671083769
 C0363 ,38.590167793395224,62.28804283459915
 C0364 ,59.51529521327329,53.33087244987746
 C0365 ,30.990807151205757,43.19107920489571
 C0366 ,66.73015717878901,45.56198773681401
 C0367 ,58.958121107141665,56.63791052624821
 C0368 ,56.813081838713835,60.56030810197384
 C0369 ,59.050871254557315,55.70730353133744
 C0370 ,40.14059146005599,58.59298778058809
 C0371 ,59.250141907167404,52.3972808042641
 C0372 ,68.58617931426345,59.43971324292447
 C0373 ,37.16202037996326,-99.0
 C0374 ,47.59843375647572,70.7626893780793
 C0375 ,49.42087871482166,58.78924252227765
 C0376 ,68.01857974344885,68.08202276357689
 C0377 ,63.55008038264673,
 C0378 ,63.10628739793004,60.3847921714259
 C0379 ,57.17377361028888,54.77043242244077
 C0380 ,44.310119291314464,60.005605743997606
 C0381 ,31.24062167022248,57.55881204901086
 C0382 ,44.58556122600748,60.017410818918464
 C0383 ,35.35325090175783,51.100882527646945
 C0384 ,41.71411279622893,55.610538444836386
 C0385 ,39.84931244339981,39.222508837288245
 C0386 ,34.92704021826228,45.40988227233225
 C0387 ,36.496921145527836,61.55309912421461
 C0388 ,52.568182127618556,56.20760291924475
 C0389 ,65.67832909113126,55.280724310854986
 C0390 ,55.61262182492677,65.23178045042229
 C0391 ,33.37618466407719,59.202412986558045
 C0392 ,61.39599817794323,68.46381544644014
 C0393 ,33.3655262249371,48.39983087644894
 C0394 ,62.614136246378884,71.96371757069416
 C0395 ,48.96839431150019,52.03453657266577
 C0396 ,68.63264521366395,65.21141206390513
 C0397 ,56.548630160623304,71.81100507524032
 C0398 ,67.63228400653374,58.4388308237585
 C0399 ,62.25696743583777,56.828583056442284
 C0400 ,55.47535371961705,55.20329964368033
 C0401 ,44.64269447083878,55.311208436122016
 C0402 ,53.13152288548474,61.38760198842439
 C0403 ,66.92527582914946,48.73409339484489
 C0404 ,34.33806093698801,66.70487447584327
 C0405 ,33.06498035086626,60.77451763392902
 C0406 ,65.8241755354769,65.74887327828614
 C0407 ,32.378958225578415,49.59463798756529
 C0408 ,58.664060626154644,57.699715934684754
 C0409 ,36.38731780442994,56.772642278792425
 C0410 ,47.51767120287306,50.79896839040967
 C0411 ,62.78885993636323,59.10154192746469
 C0412 ,44.899818432035005,62.734590085172684
 C0413 ,39.0862568356953,52.59095980638139
 C0414 ,50.57865807743089,58.156024183035186
 C0415 ,35.067211262287046,61.60692310705981
 C0416 ,46.47850275521213,74.94817698158167
 C0417 ,66.40840521806952,59.3088014281344
 C0418 ,55.861764611691584,52.60424977585815
 C0419 ,46.651425343541185,46.617018883368175
 C0420 ,58.887493585723135,70.35177505665382
 C0421 ,51.010064425843794,42.84514243624511
 C0422 ,51.4655677938402,44.26386012769855
 C0423 ,44.45832824394901,57.275214652908616
 C0424 ,32.656957660473005,44.645092584727955
 C0425 ,44.455731379892406,56.878588053344245
 C0426 ,66.63147058118247,62.28658157087102
 C0427 ,60.08862739058794,60.15849418668692
 C0428 ,67.38719022450792,64.35242930375051
 C0429 ,65.33898993772242,69.20030536660978
 C0430 ,36.99893802917405,-99.0
 C0431 ,53.67795940654193,43.54517006750811
 C0432 ,31.45484647995985,51.579250557861215
 C0433 ,35.95228907487277,51.68522118471524
 C0434 ,51.847785286279475,45.795209055814134
 C0435 ,51.18712802398443,61.20923383996399
 C0436 ,64.78107105334846,52.5240228532897
 C0437 ,59.64522789479966,68.5264543908781
 C0438 ,54.06654293908103,44.99423895918994
 C0439 ,58.01196714647108,48.30839597130077
 C0440 ,60.94019411639113,61.37840069443173
 C0441 ,34.30518560612191,53.980696992403054
 C0442 ,33.11825432894035,50.39269024949942
 C0443 ,66.51946667656097,54.64073420896772
 C0444 ,45.45073141487537,70.50858089423008
 C0445 ,34.32281656669841,31.143189871751336
 C0446 ,46.98771315671836,52.74273013856315
 C0447 ,35.55832920220943,57.92802764815538
 C0448 ,53.589155881578534,39.48515570791875
 C0449 ,44.40862662815955,66.06658032264544
 C0450 ,31.682640489072668,
 C0451 ,55.06400151542562,50.717981555198804
 C0452 ,32.9743581147129,64.84581246615173
 C0453 ,37.37891441468173,45.64208253923019
 C0454 ,40.350470447520685,46.31475720796612
 C0455 ,59.65555131574605,68.30066975794718
 C0456 ,54.077253004748854,47.99476878539967
 C0457 ,39.776915409347325,50.35960640135248
 C0458 ,62.2160971924182,70.03400516363024
 C0459 ,33.12934997532102,72.75055806575661
 C0460 ,32.21366213567701,58.76197654350653
 C0461 ,63.784162908672535,52.533825209919115
 C0462 ,67.13814208531866,57.72404158406282
 C0463 ,40.08105783852819,38.177187471252466
 C0464 ,53.8789336221093,
 C0465 ,34.54466950592412,67.83828125655047
 C0466 ,55.60014941366496,33.0385545155237
 C0467 ,40.30569117814784,68.45262526235294
 C0468 ,61.82274511172214,58.19980407798095
 C0469 ,33.75883872219072,56.68371280452605
 C0470 ,42.94215644370848,52.344878165175345
 C0471 ,59.25045737650854,60.87050392876852
 C0472 ,69.80270502823043,52.60515956814942
 C0473 ,42.429887460466915,61.069329897207496
 C0474 ,69.82812394714577,-99.0
 C0475 ,46.253526427855455,61.87889021405421
 C0476 ,37.12761757508504,58.20657738878096
 C0477 ,45.71392708931246,68.78156084713109
 C0478 ,63.58352641036304,72.78833069852818
 C0479 ,54.14340300302808,60.55838863331974
 C0480 ,44.54450052378896,60.0506391794128
 C0481 ,53.75959556325258,50.73331993548434
 C0482 ,36.13939497060803,45.67986499272213
 C0483 ,68.63020765628602,69.23152742993938
 C0484 ,64.182898287525,49.85976659595815
 C0485 ,40.05838126317193,61.39541572079159
 C0486 ,41.36203328539301,56.75912132251518
 C0487 ,56.99324903178697,63.474155012381885
 C0488 ,30.810210154131173,-99.0
 C0489 ,34.04480374346657,58.95607549285835
 C0490 ,68.03703551972112,73.41009008816907
 C0491 ,68.59595687910749,54.07639817357383
 C0492 ,37.77300046888485,54.380896521568786
 C0493 ,63.93997327246365,44.38568771528276
 C0494 ,50.25147934696708,54.386487033917376
 C0495 ,34.717644061254816,66.27383799907251
 C0496 ,32.767056028652,53.86993116198928
 C0497 ,54.65232585888193,60.654825885062166
 C0498 ,38.945751893435705,46.16735051700639
 C0499 ,49.32323400426173,41.87381062270805
 C0500 ,69.00732738988495,73.25426095427113
 C0501 ,30.397874957796375,54.86281055699817
 C0502 ,68.48084938173474,65.18632640044044
 C0503 ,68.57538876565957,66.19267293839097
 C0504 ,43.09259163032975,72.0479637244978
 C0505 ,56.59189639961049,55.83315464569878
 C0506 ,69.40882674081448,67.96222834502197
 C0507 ,56.80763836483759,56.86305682958633
 C0508 ,58.969630602656665,66.0345119390836
 C0509 ,69.1589032264967,75.45367616347461
 C0510 ,50.60353200630553,61.250928197693106
 C0511 ,43.29556831731709,54.580870509341615
 C0512 ,55.69418198621798,57.843630396051225
 C0513 ,65.06791156700183,65.98428551842825
 C0514 ,45.828804100021465,57.84541959933757
 C0515 ,54.569184334761864,50.95398905151806
 C0516 ,54.154980298700494,42.716243980275394
 C0517 ,66.63055114240542,57.39468227737868
 C0518 ,34.42813833530821,49.54678640087195
 C0519 ,37.344407983514856,49.59919676093396
 C0520 ,35.286750074766836,63.104639785258414
 C0521 ,44.001095755906555,60.0403609950795
 C0522 ,65.16911658493747,51.49262265921396
 C0523 ,32.86074143354091,57.427659108666724
 C0524 ,40.503151395408665,55.71295127969196
 C0525 ,56.40072929735135,59.34341821853408
 C0526 ,39.71479499829423,47.02120595484275
 C0527 ,69.39984230585031,68.49675271683205
 C0528 ,38.04635499735033,41.9991436675353
 C0529 ,37.97251602443873,51.78518157490462
 C0530 ,62.26340263486247,63.80503941546397
 C0531 ,40.08188760481798,53.90893223670659
 C0532 ,39.48287064215812,60.51324545094169
 C0533 ,64.78099577113932,61.00237537870866
 C0534 ,59.76075885809245,50.59073485127489
 C0535 ,64.5902428041989,68.95494610844524
 C0536 ,64.10318987553268,64.11861467119208
 C0537 ,32.518235674284696,57.785929370089804
 C0538 ,32.011636513669394,47.206204047757915
 C0539 ,31.415432649297127,58.04115218502523
 C0540 ,38.29551675242858,54.188148760924854
 C0541 ,37.876451748896535,47.31793601585158
 C0542 ,32.35909226876645,51.158818308728264
 C0543 ,38.562015425232524,63.971254182234254
 C0544 ,30.444397082064313,51.004988212932474
 C0545 ,32.63044539902257,60.86556729112213
 C0546 ,54.0316996451138,65.88448770582977
 C0547 ,50.519772087121126,66.51328711767947
 C0548 ,56.67969560801823,53.569851636514116
 C0549 ,34.930533123292854,53.344294867612184
 C0550 ,56.93167003041604,61.045624875460504
 C0551 ,42.93747149593585,79.46275560897418
 C0552 ,51.317049055830935,
 C0553 ,68.46087045628717,54.93586347461164
 C0554 ,56.84810934660554,50.57422035653033
 C0555 ,30.413408742178376,-99.0
 C0556 ,30.863955234935723,44.33193448498235
 C0557 ,57.981018808214465,53.24386995377441
 C0558 ,58.01118129331817,47.241262248313326
 C0559 ,48.32672089212815,74.12719655396309
 C0560 ,57.23647625315771,49.51485810312333
 C0561 ,55.27530206502596,65.18598771090726
 C0562 ,46.401465158290236,56.75446080596079
 C0563 ,30.66326379459352,62.035882018582456
 C0564 ,69.64951876910716,
 C0565 ,37.23292354146445,55.086685450347105
 C0566 ,62.25405329932536,42.446076833630954
 C0567 ,55.30619204011978,69.6220317634988
 C0568 ,52.39129543653361,57.46288237389563
 C0569 ,42.49836953635676,64.44744752030388
 C0570 ,54.670333634681015,46.01438975883422
 C0571 ,30.545494466582053,49.38203453087418
 C0572 ,61.39348405189565,81.5995270451112
 C0573 ,52.968210167387745,56.742904540813164
 C0574 ,45.65010200437176,62.67105430078542
 C0575 ,49.60883074465403,59.56015509449082
 C0576 ,39.215203227696875,60.07073416200254
 C0577 ,45.77655938905711,49.582564740194
 C0578 ,57.811935537122324,57.59238484122716
 C0579 ,31.76655856702382,
 C0580 ,52.901651181575716,
 C0581 ,51.55160086278918,50.96745663506283
 C0582 ,30.300470494563655,55.76980473605119
 C0583 ,33.85026097105195,43.45042926514283
 C0584 ,56.68464931966451,47.03326362645857
 C0585 ,39.24183101641,45.34490079334791
 C0586 ,42.48659713609748,55.74463811149288
 C0587 ,53.883231595918616,55.71882199124442
 C0588 ,30.02963449386929,41.2157589643097
 C0589 ,42.888138576880564,57.27196924279416
 C0590 ,45.80509012177026,51.690884000704706
 C0591 ,47.93369244517813,44.83222821969698
 C0592 ,31.49694547966225,61.63868433066572
 C0593 ,50.651022375983736,63.37311015683154
 C0594 ,66.00476901931017,55.29434389128772
 C0595 ,34.500815758529505,
 C0596 ,51.87875694051438,48.81180372595199
 C0597 ,64.91817659603515,58.478294131828775
 C0598 ,30.76166330119632,46.81543257368155
 C0599 ,53.154368786972974,49.13742584655256
 C0600 ,51.9246388673226,56.544811043387035
 C0601 ,47.83616916775081,64.95758923964692
 C0602 ,34.58200756363178,55.29311206044103
 C0603 ,42.69641528433529,64.72822863876047
 C0604 ,62.084851194682216,64.84910932976538
 C0605 ,40.10773815421251,64.8211863329198
 C0606 ,54.60973844230622,55.26907271382871
 C0607 ,53.93007292195202,47.69603505218192
 C0608 ,62.13227577568577,53.50236319755678
 C0609 ,47.851189801587964,49.630144258499016
 C0610 ,42.72021376576769,60.12567171083888
 C0611 ,34.124920384233704,46.24592729766289
 C0612 ,30.73363212273877,60.61980044831489
 C0613 ,59.361118127086556,61.69022466324714
 C0614 ,37.38937466517068,64.02211480338332
 C0615 ,35.828231960989214,59.481602918232156
 C0616 ,69.52389106889248,55.70176516052123
 C0617 ,37.02119391904282,65.34273866639032
 C0618 ,68.40174047668411,73.87826967225301
 C0619 ,35.43038893691376,58.290428955325545
 C0620 ,47.13437365695066,64.08315517614722
 C0621 ,31.263856056513333,58.65766673037781
 C0622 ,66.29819907460566,44.80968709704112
 C0623 ,62.51883459475965,60.332421017815506
 C0624 ,51.07522746677181,40.52295451667358
 C0625 ,30.189537905063908,43.592577733949575
 C0626 ,66.7938305913724,61.92962120204952
 C0627 ,58.899676256170906,
 C0628 ,51.992981565623666,59.62509579214181
 C0629 ,51.28706503014059,49.256860625356744
 C0630 ,32.163746103774294,57.496972212664694
 C0631 ,50.18895311702296,56.42421734520299
 C0632 ,46.1948184724996,56.31901085196456
 C0633 ,58.49478325406476,58.364727094551
 C0634 ,52.707839535917095,64.50134024520774
 C0635 ,65.68936163264782,70.63893804721864
 C0636 ,36.05411537199805,45.93292949989963
 C0637 ,30.182560561017844,62.52812693409041
 C0638 ,30.30098052838648,
 C0639 ,61.2017682943953,50.178786082214685
 C0640 ,48.36054235429626,61.29239371102872
 C0641 ,68.63452698273309,73.59879461768519
 C0642 ,48.51073480789007,66.34071649083191
 C0643 ,56.272613894792585,52.3798652164585
 C0644 ,31.27212884004917,51.805510508613786
 C0645 ,34.088335847217216,53.34058985986983
 C0646 ,40.37513427422236,54.023454376589925
 C0647 ,40.846928912674414,50.09398231532719
 C0648 ,55.38990311204391,57.53845552743468
 C0649 ,44.030261947041865,67.13005470678188
 C0650 ,47.43119236064428,71.48496230959387
 C0651 ,53.210930798861,49.96270410923195
 C0652 ,42.95519716404402,66.43791273886649
 C0653 ,35.23905797702908,51.04065305208965
 C0654 ,44.254448766457166,59.91933798763092
 C0655 ,31.621599989685052,35.708001942798
 C0656 ,65.93965147762037,56.6401953554878
 C0657 ,61.09460011015732,58.494249072448326
 C0658 ,68.8089059869836,69.56325921987157
 C0659 ,37.247607920422155,60.349064130096814
 C0660 ,44.204596225544975,54.64252586096501
 C0661 ,69.1321840865713,69.92735954978725
 C0662 ,32.51741386443301,47.83364711353565
 C0663 ,66.37155380402221,73.56937207151675
 C0664 ,63.579187070831665,66.43473253938832
 C0665 ,53.394973683008686,54.76581984769573
 C0666 ,69.45006372852355,70.72013090401364
 C0667 ,32.95783255254891,53.59509334427909
 C0668 ,42.02285513718793,48.3143344136709
 C0669 ,59.485548307010035,69.51340669422036
 C0670 ,55.11478478711459,46.188305944094274
 C0671 ,39.863072104775426,73.05034889403788
 C0672 ,37.807652013150246,47.59231206480342
 C0673 ,60.71940320396227,68.07655263551864
 C0674 ,63.42190311091609,60.07275921496834
 C0675 ,30.710271764777183,62.92509616693991
 C0676 ,57.33371073339099,57.956259461704505
 C0677 ,58.25332009370928,66.61656463340249
 C0678 ,54.760509619631435,43.02447211527263
 C0679 ,30.763674328529973,55.91302086993151
 C0680 ,57.970289670619565,55.259637656272886
 C0681 ,61.40661515199197,60.46715732092894
 C0682 ,43.83586912722266,61.609008459167725
 C0683 ,42.93065027148109,50.14531009912185
 C0684 ,51.59633351302905,50.37154693743229
 C0685 ,45.05453523716969,65.21352253727203
 C0686 ,48.61281959394104,73.15881794069047
 C0687 ,69.36062974787592,62.598804854356125
 C0688 ,45.79547500484152,66.74276130068675
 C0689 ,38.7665806692566,
 C0690 ,62.52147109706741,44.538338995338336
 C0691 ,69.51109489356872,69.56240300495477
 C0692 ,61.95819315123633,62.87418253050294
 C0693 ,64.42281943800386,68.08318640152294
 C0694 ,44.54178547526324,70.45912717181743
 C0695 ,40.129719683186515,58.700143118385654
 C0696 ,53.13603655590589,46.69508989624913
 C0697 ,32.97729935141905,45.280780637225895
 C0698 ,57.7464043310364,58.41006488205426
 C0699 ,60.01106710810377,50.10560663072652
 C0700 ,37.02618680636561,62.520826221199655
 C0701 ,43.969599100381124,38.416012605994794
 C0702 ,66.05253975140656,66.33350795221762
 C0703 ,69.36269633347774,56.4213386350833
 C0704 ,69.45590693508183,68.43397438685761
 C0705 ,65.55528290573113,70.34989253500541
 C0706 ,64.5730763102545,41.74594474922554
 C0707 ,44.18303708703749,39.2464564367705
 C0708 ,57.73815752891965,60.92857842990658
 C0709 ,60.534401478385625,57.66772584478033
 C0710 ,51.31773050813311,56.47225900367035
 C0711 ,63.95666170104785,60.376129534286044
 C0712 ,61.827841509900814,48.90955200728109
 C0713 ,42.17569897605387,64.55823299589369
 C0714 ,66.04447663722085,62.80346952229543
 C0715 ,56.94663184649984,72.48163744096813
 C0716 ,42.103671983515994,55.275880410598425
 C0717 ,62.710190000122,65.95455864537095
 C0718 ,63.19276685597986,52.1247403240572
 C0719 ,30.071142683617538,49.89187351590647
 C0720 ,38.96189399739115,65.4327597641956
 C0721 ,57.65965559693544,62.4975364625291
 C0722 ,30.621521185697883,
 C0723 ,67.19148790928506,63.735674552669494
 C0724 ,63.327279712944005,70.77749483077086
 C0725 ,44.582619112674365,57.60760996366608
 C0726 ,41.44680690973087,70.09857324337848
 C0727 ,66.08912268715017,61.69842426885642
 C0728 ,58.51200021394385,54.129050663386906
 C0729 ,57.60377526915739,56.23320384797985
 C0730 ,41.28910732410342,56.68623396552328
 C0731 ,47.03831379881518,42.44521577095996
 C0732 ,66.37351386114794,62.94975953012194
 C0733 ,53.624912084130756,58.27082831424571
 C0734 ,56.287799294419074,65.38725989044161
 C0735 ,57.13498551489224,61.61825828611416
 C0736 ,67.18502474006011,45.68230907868414
 C0737 ,61.94060519488546,63.893974486931924
 C0738 ,39.02902019378971,39.245933569090866
 C0739 ,66.92951073704965,71.66330221568673
 C0740 ,53.950713080363634,55.64462333049778
 C0741 ,33.248425708583596,48.9672855214335
 C0742 ,47.75184714403251,38.71964328599596
 C0743 ,53.68970726217692,48.08911975613616
 C0744 ,50.7887354055783,57.92861082347577
 C0745 ,57.04162292034704,57.09033907922784
 C0746 ,59.95554846649224,62.63503897838409
 C0747 ,66.52755457199322,72.1979708430149
 C0748 ,56.64853645558124,57.639134461236615
 C0749 ,34.04930024404065,55.331447894172975
 C0750 ,53.457343833994045,52.26332469998011
 C0751 ,44.232451426480225,52.04705573525311
 C0752 ,42.115367872912074,64.17944131595596
 C0753 ,48.53534967019805,68.18583905243355
 C0754 ,44.573117893129755,63.45478086136242
 C0755 ,49.79049446776977,62.30059321498207
 C0756 ,32.098021166830634,48.03617597872653
 C0757 ,38.9955697113622,56.23247282260217
 C0758 ,51.22670886164216,57.81365993029925
 C0759 ,53.46830331790187,58.89749251173339
 C0760 ,60.54553145431404,70.22646629804052
 C0761 ,31.080024154805677,58.06435428974629
 C0762 ,65.57699169381368,65.3520186877306
 C0763 ,30.98422197463031,39.411031526555625
 C0764 ,44.58901990540213,62.234281817007115
 C0765 ,54.94780099185019,54.79620115825243
 C0766 ,58.68606859902399,63.152416682501304
 C0767 ,61.33313426594661,51.55479162354915
 C0768 ,66.23040560014392,64.56380954729687
 C0769 ,66.35816339266216,46.001395270787214
 C0770 ,48.737048023396994,63.87572190085536
 C0771 ,67.3500932486094,57.35439749045619
 C0772 ,33.771673578319295,49.55109764493202
 C0773 ,67.76434914486812,-99.0
 C0774 ,45.879423689776885,65.1415637044926
 C0775 ,31.995220126874926,61.59250025753093
 C0776 ,52.67790490214996,55.1446844038032
 C0777 ,37.51818164568861,51.910544489960216
 C0778 ,58.051676193300054,57.61002244888299
 C0779 ,46.6638061796344,57.45058268063418
 C0780 ,37.23642418425375,59.51392708154546
 C0781 ,36.30482808350371,60.78439572834258
 C0782 ,41.36081656281051,62.759770413566365
 C0783 ,55.443439129846126,72.19627538504989
 C0784 ,56.29051223578324,40.19712519410892
 C0785 ,42.81241478955172,65.46211646570698
 C0786 ,50.777699506736525,53.87980846284706
 C0787 ,60.12593569075952,58.62150769590357
 C0788 ,68.04435115588242,47.12983273194792
 C0789 ,69.1979339334597,60.65109344639273
 C0790 ,40.77520031006828,
 C0791 ,55.51045546250916,66.72400400043202
 C0792 ,54.99593995809447,55.14104633459694
 C0793 ,58.236230338545106,68.92607121613287
 C0794 ,41.92911798935541,43.12903856443707
 C0795 ,33.10777377206231,59.72961509436544
 C0796 ,53.32305231510397,54.69612152975929
 C0797 ,63.133124152727426,-99.0
 C0798 ,32.04854620127915,53.14491465240567
 C0799 ,45.69781464323437,65.55143256061675
 C0800 ,34.19056218994931,51.25198783242901
 C0801 ,31.500879720737757,-99.0
 C0802 ,35.90192250284958,63.42356589630433
 C0803 ,41.91778359312164,42.895622691565634
 C0804 ,30.62887176046982,45.70721024697552
 C0805 ,62.14695567324629,58.07475818057845
 C0806 ,53.69897905468029,-99.0
 C0807 ,69.29379673748103,
 C0808 ,65.57996089107422,54.15418114715533
 C0809 ,38.60589477274453,56.82202488044588
 C0810 ,39.93487500194562,53.325769548262734
 C0811 ,60.70165061853715,59.11108430327549
 C0812 ,32.76517184195481,44.58071429808383
 C0813 ,47.06272678390406,56.51202343296285
 C0814 ,51.79579803786632,55.59599325976798
 C0815 ,43.59891168142434,62.65453001607861
 C0816 ,63.02943410284888,
 C0817 ,68.9517831626625,59.340927142813634
 C0818 ,62.38468340281369,66.22680536737039
 C0819 ,56.9499708895676,68.4042793286911
 C0820 ,30.94818702760728,59.51299896491967
 C0821 ,56.129039737085094,63.98342775333302
 C0822 ,45.10578219334356,51.18088032049664
 C0823 ,39.32343247641199,47.300509079365604
 C0824 ,41.35359469278996,62.76519999829041
 C0825 ,50.54341591539689,51.547161179640945
 C0826 ,53.16111606216751,58.82792819986575
 C0827 ,39.16375365127255,51.056276636180925
 C0828 ,31.09650255461105,
 C0829 ,31.847316028374053,65.18332971853975
 C0830 ,35.90804492549672,58.483021630244906
 C0831 ,52.86702821485195,58.2219448771931
 C0832 ,68.19498597418789,
 C0833 ,37.11278043458919,46.51670487683312
 C0834 ,69.1197626446348,57.46352090148233
 C0835 ,63.59446860580811,64.67032641012527
 C0836 ,30.416484926004177,46.52607967027313
 C0837 ,34.64539355732065,49.57852943840097
 C0838 ,69.48512411143543,61.05268218325922
 C0839 ,50.327869743530165,54.98623305416678
 C0840 ,33.51161097346677,39.97664332622882
 C0841 ,34.86853520325005,71.34581024694386
 C0842 ,57.6944737481179,62.26263931281137
 C0843 ,37.53085970994196,62.175531410307144
 C0844 ,33.044914120219325,55.40894865619846
 C0845 ,69.11702422093433,67.93611245797088
 C0846 ,45.5910631415948,70.17743882278464
 C0847 ,33.757223927024626,
 C0848 ,52.247354557240214,58.12445912417263
 C0849 ,35.054735391242254,57.24096354045676
 C0850 ,45.04286773786689,63.258592466173255
 C0851 ,42.42499779692888,47.66569780046614
 C0852 ,42.21590273275677,52.905754491496296
 C0853 ,33.05601824810267,50.6446895143859
 C0854 ,64.21832541713185,55.73669482469817
 C0855 ,30.21757413162028,50.99584263152874
 C0856 ,35.42907576832263,63.1089369910235
 C0857 ,38.892239245949646,50.947430181496244
 C0858 ,68.77219794119651,49.02807330391144
 C0859 ,58.36767098516481,59.71988895560622
 C0860 ,32.50423214938844,49.65436713448435
 C0861 ,63.15939475936751,69.75811984708378
 C0862 ,57.36577967654303,54.384204107394304
 C0863 ,68.96280561572792,53.50159656177001
 C0864 ,41.98189088700653,51.28016366229093
 C0865 ,67.83301100239349,72.32074885170377
 C0866 ,38.522425628972925,58.78381780243793
 C0867 ,46.891937770672016,52.52543279866932
 C0868 ,33.138915661529424,47.35849196619455
 C0869 ,45.825110791675726,55.394547862694814
 C0870 ,39.16071111206426,52.26118639322568
 C0871 ,57.602161245360726,65.92081701944997
 C0872 ,69.3347133320826,58.20221376142141
 C0873 ,45.956153915052084,60.32758709445643
 C0874 ,56.153019880713074,42.55267227534543
 C0875 ,37.69298143824934,
 C0876 ,52.194830287395845,64.37507008396004
 C0877 ,67.18798216712025,60.10238525087727
 C0878 ,61.782135681559545,58.13067777162406
 C0879 ,66.02447324412651,51.41967468174172
 C0880 ,43.066491342711785,53.60576535082682
 C0881 ,38.298158335789,49.54956447241468
 C0882 ,49.669209582547694,75.87816045641725
 C0883 ,66.70974886048955,58.306189147411274
 C0884 ,62.69060014123696,54.37923747078067
 C0885 ,52.803485097130974,52.14766451221786
 C0886 ,37.116963063622286,
 C0887 ,69.65639838746938,58.444447748157195
 C0888 ,65.3783176062344,71.02650954666265
 C0889 ,65.62824543362842,71.74684675187997
 C0890 ,50.71437137523987,52.518893278710934
 C0891 ,47.87478278050559,57.39839773751106
 C0892 ,64.355337994971,61.244000771798355
 C0893 ,35.762926697896624,45.38113280388609
 C0894 ,50.893067550409285,-99.0
 C0895 ,50.758268969516976,50.4429331737045
 C0896 ,38.72902251067282,53.54196972955355
 C0897 ,52.48793089431779,52.17175490609805
 C0898 ,30.56549283072738,40.70119565064758
 C0899 ,31.95951753342474,-99.0
 C0900 ,31.070677681189046,47.880226720254065
 C0901 ,55.952081499647186,51.28485130463148
 C0902 ,47.21927182112648,59.262772322914394
 C0903 ,60.804142032852106,67.40557198971426
 C0904 ,44.01046346317575,
 C0905 ,41.04248092725725,75.17617172305422
 C0906 ,45.788245975095876,53.62211303200746
 C0907 ,64.90718490737403,55.044525427160956
 C0908 ,62.25619645431844,63.30198706437087
 C0909 ,47.24584653767289,54.94077670934118
 C0910 ,54.06648482344571,55.093540919749586
 C0911 ,68.022965340699,65.86501648895323
 C0912 ,31.72384074116966,52.121467807225756
 C0913 ,39.28540956667699,69.80498708253322
 C0914 ,42.95750477743128,54.02715190970762
 C0915 ,39.432773602979665,64.07696682436969
 C0916 ,52.503006495769526,46.222995191753625
 C0917 ,59.80425871214471,
 C0918 ,49.43548546084675,68.04115421267906
 C0919 ,48.45028736222354,50.626899549728314
 C0920 ,41.96362219969932,68.01063290221873
 C0921 ,63.303535710746374,56.75438751470549
 C0922 ,37.93954188301723,53.04734641918905
 C0923 ,36.45374960374696,46.62559767214601
 C0924 ,44.04048091368273,51.967098103564695
 C0925 ,39.577726606063756,61.42532749473702
 C0926 ,39.99460014026404,45.93381604989325
 C0927 ,55.47125518096319,
 C0928 ,38.81980907297903,47.31513247443139
 C0929 ,33.2943894576749,46.43760575241528
 C0930 ,68.19509886837635,62.20558182433078
 C0931 ,33.86802784378166,61.26847600228349
 C0932 ,62.171988855312726,65.13650965082488
 C0933 ,60.69858336103559,40.62187693816952
 C0934 ,55.678933646098876,51.40909039247063
 C0935 ,55.69151670083051,68.26087114317448
 C0936 ,59.815811273293015,58.35811708422287
 C0937 ,51.739439202997914,69.43659992712827
 C0938 ,55.104647503532064,54.452294291864334
 C0939 ,46.75233891170639,55.408351347181934
 C0940 ,39.426041715266415,48.3490946104628
 C0941 ,65.09153212487931,57.96065037576783
 C0942 ,30.641676688587893,62.642413943279806
 C0943 ,54.42842590641965,-99.0
 C0944 ,45.93877327228489,48.594220358111436
 C0945 ,42.90430672874328,49.80996460406311
 C0946 ,68.03885602915014,65.61730239650876
 C0947 ,62.71496573678179,
 C0948 ,67.7864762151267,64.48746603135017
 C0949 ,60.15546442424779,46.656268383698325
 C0950 ,61.740432559714876,51.74594515679445
 C0951 ,67.71974737975354,58.75329992135671
 C0952 ,57.148184492578494,56.502169452137636
 C0953 ,52.79187385994479,51.32355548409403
 C0954 ,55.743588870311626,51.3928891667686
 C0955 ,66.89423752487397,54.24462477625362
 C0956 ,43.54261494706031,77.74417870167053
 C0957 ,35.96572581546352,61.810906797813786
 C0958 ,34.100374195180784,64.9074392476352
 C0959 ,39.96271692971416,55.73327969304926
 C0960 ,31.44364827038805,42.34554481195319
 C0961 ,57.894936449343675,71.45804001469813
 C0962 ,32.85278109002863,55.515796931992746
 C0963 ,48.725668481981316,63.767168207665044
 C0964 ,36.95122604683505,30.367345824101537
 C0965 ,48.76626034407901,72.40772616915315
 C0966 ,32.46332422052046,50.8287440312395
 C0967 ,46.02618279137454,52.915741539156215
 C0968 ,46.73250663001368,53.281230573145045
 C0969 ,44.32331731415136,62.2716409556266
 C0970 ,42.8670272410141,64.01308146183074
 C0971 ,52.12036274124932,65.32935812874813
 C0972 ,34.483302243609536,52.17392853542437
 C0973 ,53.269479670356034,59.855293602204824
 C0974 ,62.71715497774548,68.90137971600507
 C0975 ,50.83409575080648,49.698254710952156
 C0976 ,56.93061233982887,58.61458352254368
 C0977 ,56.505640359443994,73.53917481339731
 C0978 ,42.55395911344168,64.36362034062518
 C0979 ,69.79221462329643,66.46354723388497
 C0980 ,63.78385340429866,67.98589607832314
 C0981 ,69.17692621215659,57.39018595418052
 C0982 ,31.11389344816933,52.34681063663288
 C0983 ,32.118661389024304,44.54829242097338
 C0984 ,30.791563949414762,-99.0
 C0985 ,36.073486172280994,49.85855821848861
 C0986 ,32.7419345399284,56.00154805548262
 C0987 ,38.17756217435009,58.571550983356644
 C0988 ,42.14684176528264,48.57981406676443
 C0989 ,60.77085939865298,50.85524277068522
 C0990 ,59.526510143729574,59.01227979842655
 C0991 ,64.06490011048697,53.34818730926122
 C0992 ,66.61137481191045,55.94998976166954
 C0993 ,67.94462820403017,63.752330487196446
 C0994 ,69.1131294279533,73.01412993731363
 C0995 ,52.40069567234871,57.231114815779456
 C0996 ,52.93806412617615,52.345215178313794
 C0997 ,69.37995817842206,75.99983504671015
 C0998 ,37.862181326768884,49.08261282338473
 C0999 ,39.8994100243593,51.24297265801279
 C1000 ,57.62655608621658,69.03789382126588
 C0001 ,60.29334041391174,59.75493452361854
 C0002 ,46.211058631231516,65.33065637188233
 C0003 ,43.73076898498499,60.1587515053179
 C0004 ,64.17466389186227,61.09225612366274
 C0005 ,54.41925175038368,45.00601930160953
