district_id,year,delay_days
 D001 ,2015,
 D001 ,2016,56.79752769879116
 D001 ,2017,57.815270584111204
 D001 ,2018,60.38679258192073
 D001 ,2019,58.18735417716665
 D001 ,2020,60.19578064089846
 D001 ,2021,58.271868870577464
 D001 ,2022,58.85604927460699
 D002 ,2015,50.71908170180797
 D002 ,2016,50.10288114489986
 D002 ,2017,50.826090311531715
 D002 ,2018,53.10879354222395
 D002 ,2019,51.82861823951322
 D002 ,2020,55.9808642158521
 D002 ,2021,52.1574889777925
 D002 ,2022,52.79565412236389
 D003 ,2015,62.90439786220786
 D003 ,2016,62.63075014441779
 D003 ,2017,64.99256147456968
 D003 ,2018,64.10454053311614
 D003 ,2019,58.35946809984655
 D003 ,2020,57.517585754514
 D003 ,2021,57.83753223355619
 D003 ,2022,56.09903146968198
 D004 ,2015,53.52037848502036
 D004 ,2016,53.63332193868338
 D004 ,2017,56.04868874732968
 D004 ,2018,56.81341251620637
 D004 ,2019,52.76724240892848
 D004 ,2020,52.40746079518417
 D004 ,2021,56.29740510787674
 D004 ,2022,56.62684680403703
 D005 ,2015,56.23663786021698
 D005 ,2016,56.31780837449031
 D005 ,2017,61.31262882840772
 D005 ,2018,58.17871480172127
 D005 ,2019,51.24168469831447
 D005 ,2020,54.88979869900967
 D005 ,2021,56.488279261193526
 D005 ,2022,58.04680249141408
 D006 ,2015,56.02429267476335
 D006 ,2016,53.89488928725317
 D006 ,2017,55.283521097220145
 D006 ,2018,59.06896248151809
 D006 ,2019,55.561674331918404
 D006 ,2020,55.11862480697094
 D006 ,2021,50.0643371731781
 D006 ,2022,53.725964578236734
 D007 ,2015,62.509598025080244
 D007 ,2016,60.42054682073369
 D007 ,2017,60.714265666614075
 D007 ,2018,60.42350677705518
 D007 ,2019,55.84546039553723
 D007 ,2020,54.03971810542906
 D007 ,2021,58.34379811754175
 D007 ,2022,56.174142884662515
 D008 ,2015,58.19709605281719
 D008 ,2016,60.960722669353316
 D008 ,2017,61.21648074480077
 D008 ,2018,
 D008 ,2019,59.2933945960265
 D008 ,2020,58.745695027186265
 D008 ,2021,60.44118485197832
 D008 ,2022,59.894937180007936
 D009 ,2015,63.95989294817057
 D009 ,2016,64.31466135127275
 D009 ,2017,67.52095326122267
 D009 ,2018,-99.0
 D009 ,2019,61.00850023167482
 D009 ,2020,63.77274120701195
 D009 ,2021,60.7936907088024
 D009 ,2022,60.721198392105066
 D010 ,2015,59.72000069629224
 D010 ,2016,57.45601170304832
 D010 ,2017,59.84129426972627
 D010 ,2018,56.31903334444154
 D010 ,2019,56.0775931981577
 D010 ,2020,57.37255813081646
 D010 ,2021,56.498077955821586
 D010 ,2022,56.0680750966917
 D011 ,2015,62.17534732390881
 D011 ,2016,63.56971021082372
 D011 ,2017,56.99402446993075
 D011 ,2018,60.34494066992527
 D011 ,2019,53.71757727560323
 D011 ,2020,
 D011 ,2021,57.7660073124173
 D011 ,2022,62.014816259543935
 D012 ,2015,60.885857298065844
 D012 ,2016,61.45822157380049
 D012 ,2017,65.7752279563153
 D012 ,2018,66.01819984788327
 D012 ,2019,59.45253499566232
 D012 ,2020,61.07288178149411
 D012 ,2021,61.89085226268675
 D012 ,2022,64.95480854017138
 D013 ,2015,57.252021681385216
 D013 ,2016,58.81026931662884
 D013 ,2017,60.332338454244095
 D013 ,2018,-99.0
 D013 ,2019,55.098682908012464
 D013 ,2020,55.26933227973722
 D013 ,2021,57.479651918630836
 D013 ,2022,58.70542437314723
 D014 ,2015,54.69548082983963
 D014 ,2016,57.20998409082439
 D014 ,2017,59.302565490226456
 D014 ,2018,52.34157701220029
 D014 ,2019,51.25022755665746
 D014 ,2020,49.3281729204632
 D014 ,2021,49.75942091795352
 D014 ,2022,50.56726926450263
 D015 ,2015,52.720902121406695
 D015 ,2016,54.74333390040604
 D015 ,2017,55.07949502972506
 D015 ,2018,57.104217378556505
 D015 ,2019,54.98504300875798
 D015 ,2020,50.55236894175983
 D015 ,2021,52.84449242900706
 D015 ,2022,56.82497846960179
 D016 ,2015,53.86077794229206
 D016 ,2016,52.88509546992745
 D016 ,2017,51.940365549247396
 D016 ,2018,52.87492316873085
 D016 ,2019,51.45744374980101
 D016 ,2020,52.23834528129881
 D016 ,2021,52.79882863341485
 D016 ,2022,55.81414451317341
 D017 ,2015,52.80721359227432
 D017 ,2016,53.7667612381393
 D017 ,2017,52.457592774209054
 D017 ,2018,55.876302177743845
 D017 ,2019,51.56707519434572
 D017 ,2020,51.50476334732142
 D017 ,2021,54.02507872160511
 D017 ,2022,51.5432434500892
 D018 ,2015,50.98219412881326
 D018 ,2016,53.34447636613523
 D018 ,2017,55.07101892712051
 D018 ,2018,53.74617533763604
 D018 ,2019,52.376807593342356
 D018 ,2020,51.965441753935345
 D018 ,2021,51.67561564918378
 D018 ,2022,51.75538751985815
 D019 ,2015,53.904968657606915
 D019 ,2016,53.72927928220393
 D019 ,2017,56.18424188782258
 D019 ,2018,55.83111655955193
 D019 ,2019,53.99701610496699
 D019 ,2020,54.802549353472315
 D019 ,2021,53.42017305009966
 D019 ,2022,57.7414097408038
 D020 ,2015,60.57637117226484
 D020 ,2016,63.107430061137045
 D020 ,2017,61.30946540395382
 D020 ,2018,59.24416184259183
 D020 ,2019,57.25511323256479
 D020 ,2020,58.71396573386316
 D020 ,2021,57.35771894489537
 D020 ,2022,60.533063090776324
 D021 ,2015,46.40695809047205
 D021 ,2016,
 D021 ,2017,-99.0
 D021 ,2018,45.99501544843981
 D021 ,2019,45.22070610052963
 D021 ,2020,48.618996829465154
 D021 ,2021,52.01059355221069
 D021 ,2022,50.99714075847811
 D022 ,2015,47.09219581464079
 D022 ,2016,46.060414347329214
 D022 ,2017,47.64904494930986
 D022 ,2018,50.66088048961788
 D022 ,2019,49.779295465088936
 D022 ,2020,47.17868751724169
 D022 ,2021,48.66366745264306
 D022 ,2022,47.6117566950264
 D023 ,2015,50.50117681557278
 D023 ,2016,52.79170898948601
 D023 ,2017,50.92444299120283
 D023 ,2018,52.38227499379002
 D023 ,2019,52.987113816321376
 D023 ,2020,54.45311227508722
 D023 ,2021,51.52538238231913
 D023 ,2022,54.74869995470005
 D024 ,2015,49.68893005487423
 D024 ,2016,50.177029914476066
 D024 ,2017,51.61171720650816
 D024 ,2018,47.50519300012764
 D024 ,2019,
 D024 ,2020,51.55119709637671
 D024 ,2021,56.78632420684478
 D024 ,2022,57.666076297597414
 D025 ,2015,45.95182296169934
 D025 ,2016,46.619704479721264
 D025 ,2017,45.984109596370196
 D025 ,2018,46.8336331112846
 D025 ,2019,51.31668978825949
 D025 ,2020,50.186122705104765
 D025 ,2021,51.15334106079091
 D025 ,2022,49.0189249116804
 D026 ,2015,54.95526626900557
 D026 ,2016,54.10079299736712
 D026 ,2017,55.798750228570015
 D026 ,2018,51.67964487756404
 D026 ,2019,53.10231804304394
 D026 ,2020,
 D026 ,2021,
 D026 ,2022,52.351506316455996
 D027 ,2015,49.979793460164096
 D027 ,2016,50.28201733261946
 D027 ,2017,49.983587533117785
 D027 ,2018,49.83962539076313
 D027 ,2019,
 D027 ,2020,54.77550329450045
 D027 ,2021,50.07119447629554
 D027 ,2022,52.921932620742446
 D028 ,2015,56.05112348714875
 D028 ,2016,56.918601613237875
 D028 ,2017,56.86511509351716
 D028 ,2018,58.233045862798505
 D028 ,2019,57.65140239788407
 D028 ,2020,57.58136713606891
 D028 ,2021,57.6659483669536
 D028 ,2022,60.047833051538895
 D029 ,2015,47.76582900555988
 D029 ,2016,49.1453135353021
 D029 ,2017,48.834817743392534
 D029 ,2018,50.15903558441117
 D029 ,2019,50.34181415870109
 D029 ,2020,54.39497407029498
 D029 ,2021,-99.0
 D029 ,2022,52.614952399559265
 D030 ,2015,46.98059666419726
 D030 ,2016,45.532159226478385
 D030 ,2017,50.145677620453306
 D030 ,2018,48.853881941282715
 D030 ,2019,49.38224675459504
 D030 ,2020,47.94824722086608
 D030 ,2021,50.28353271985248
 D030 ,2022,52.62993537665529
 D031 ,2015,52.75288033570005
 D031 ,2016,55.49288583338717
 D031 ,2017,57.83345846808999
 D031 ,2018,58.27375933617538
 D031 ,2019,60.032363597279186
 D031 ,2020,57.55732100422003
 D031 ,2021,57.04321439312902
 D031 ,2022,59.329484707528636
 D032 ,2015,
 D032 ,2016,50.70924457769478
 D032 ,2017,53.021833413085986
 D032 ,2018,52.17967566901079
 D032 ,2019,53.14768909581695
 D032 ,2020,55.24846035407664
 D032 ,2021,55.5036655472422
 D032 ,2022,53.424658834963395
 D033 ,2015,46.383660098514916
 D033 ,2016,48.58442247529231
 D033 ,2017,48.56007599719921
 D033 ,2018,52.00206451564237
 D033 ,2019,53.14897333748943
 D033 ,2020,48.607147247161045
 D033 ,2021,49.12147523736631
 D033 ,2022,51.62137680677886
 D034 ,2015,52.58891002193569
 D034 ,2016,56.081867198299875
 D034 ,2017,53.17501459673746
 D034 ,2018,52.075457088198604
 D034 ,2019,-99.0
 D034 ,2020,55.32726638872106
 D034 ,2021,58.50266876101138
 D034 ,2022,58.90872801422662
 D035 ,2015,52.55787888440003
 D035 ,2016,51.53108071908362
 D035 ,2017,53.81189056831163
 D035 ,2018,53.57103230927917
 D035 ,2019,53.859839786470864
 D035 ,2020,54.576861335581995
 D035 ,2021,56.506374624635846
 D035 ,2022,52.17697428722626
 D036 ,2015,43.623996685419655
 D036 ,2016,41.74652066739745
 D036 ,2017,42.31069314993903
 D036 ,2018,47.011598444084655
 D036 ,2019,45.39520423302074
 D036 ,2020,45.307578432323744
 D036 ,2021,44.090612967971474
 D036 ,2022,44.734408939661876
 D037 ,2015,48.91137829782764
 D037 ,2016,50.25144744892293
 D037 ,2017,
 D037 ,2018,
 D037 ,2019,54.798445779081035
 D037 ,2020,54.03233344551413
 D037 ,2021,57.74568423075737
 D037 ,2022,59.44448304340753
 D038 ,2015,50.515208961249854
 D038 ,2016,48.03575392373822
 D038 ,2017,48.540484960781036
 D038 ,2018,49.31444528928275
 D038 ,2019,48.90329548293708
 D038 ,2020,52.98032715667944
 D038 ,2021,49.25367221765659
 D038 ,2022,56.302094347792526
 D039 ,2015,49.759377527333285
 D039 ,2016,49.142791181502716
 D039 ,2017,50.71998999874483
 D039 ,2018,48.845132491926904
 D039 ,2019,52.312207448503
 D039 ,2020,49.50998922778335
 D039 ,2021,46.22418187231777
 D039 ,2022,
 D040 ,2015,52.84162284500362
 D040 ,2016,48.9970410707121
 D040 ,2017,48.896113698474416
 D040 ,2018,49.93531224055628
 D040 ,2019,51.84905003971573
 D040 ,2020,52.88419263033534
 D040 ,2021,48.94356811835215
 D040 ,2022,49.213148767611926
 D001 ,2015,
 D001 ,2016,56.79752769879116
 D001 ,2017,57.815270584111204
 D001 ,2018,60.38679258192073
